id,module,parameter,central,low,high,unit,source,confidence,notes
vin_gen,supply,Vinasse generation,12,10,15,L per L ethanol,Moraes Zaiat Bonomi 2015 RSER 10.1016/j.rser.2015.01.023; NEPAM (SP avg 11.8),S,Distinguish generated vs applied vs available for AD (Santa Adélia applied ~5.6 L/L)
fc_gen,supply,Filter cake generation,37,30,40,kg per t cane,Janke et al. 2015 IJMS 10.3390/ijms160920685; CBQ 2019,S,
straw_gen,supply,Straw generation,140,,,kg DM per t cane,CNPEM/LNBR SUCRE,S,
straw_recov,supply,Straw recoverable fraction,0.5,,,fraction,CNPEM/LNBR SUCRE (keep >=7 t DM/ha/yr on soil),S,
ethanol_yield,supply,Ethanol yield,81,,,L per t cane,Santa Adélia RenovaBio report 2023 (derived),D,Depends on sugar/ethanol mix
vin_cod,process,Vinasse COD (juice/mixed),30,15,50,g/L,Fuess Garcia Zaiat 2018 STOTEN 634:29; overview tables,S,Molasses vinasse up to ~100 g/L
vin_ts_vs,process,Vinasse TS / VS,16 / 9,15-50 / 8-35,,g/L,Janke et al. 2015,S,
vin_so4,process,Vinasse sulfate,2.0,0.6,6.4,g/L,Fuess et al. 2024 CEJ; overview tables,S,Juice 0.6-0.76; mixed ~3.7; molasses ~6.4
vin_k2o,process,Vinasse K2O,3.0,1.5,4.6,g/L,Overview tables,S,Near K inhibition onset
vin_ph,process,Vinasse pH,4.5,3.5,5.0,-,Overview tables,S,Alkalinization or recirculation needed
vin_ch4_yield,process,Vinasse CH4 yield,0.30,0.25,0.34,Nm3 CH4 per kg COD removed,Melo et al. 2024 10.3390/methane3020017; Moraes 2015,S,Theoretical 0.35
cod_removal,process,COD removal,70,56,85,%,Volpi 2021; AFBR 2024,S,
vin_ch4_vol,process,Vinasse CH4 per volume,8,5,11.4,Nm3 CH4 per m3,Janke 2015; full-scale case (source unclear),S,
fc_ts_vs,process,Filter cake TS / VS,28 / 74,25-30 / 70-78,,% FM / % TS,Janke 2015,S,
fc_bmp,process,Filter cake BMP,220,185,260,NL CH4 per kg VS,Janke 2020 Renew Energy; Volpi 2022 10.1007/s12155-021-10293-1,S,
fc_ch4_fm,process,Filter cake CH4 per fresh matter,54,50,58,Nm3 per t FM,Janke 2015,S,
straw_bmp,process,Straw BMP (milled),230,160,291,NL CH4 per kg VS,Janke 2017 ECM; Ind Crops Prod 2021,S,Nutrient supplementation +17-44%
codig_bmp,process,Vinasse+filter cake co-digestion yield (CSTR 55C),230,200,260,NL CH4 per kg VS,Volpi et al. 2021 10.1007/s00253-021-11635-x,S,UNICAMP Moraes group
olr_max_cstr,process,Max OLR mixed CSTR (solids),3.0,2.5,4.8,kg VS per m3 d,Janke 2015 IJMS 10.3390/ijms161023210; Volpi 2021,S,
olr_highrate,process,OLR high-rate vinasse reactors,15,7.5,30,kg COD per m3 d,Fuess 2017/2024; AFBR 2024,S,UASB/structured bed — not CSTR
hrt_cstr,process,HRT CSTR with solids,30,20,40,d,Janke 2015,S,Straw >35 d
temp,process,Digestion temperature,55,35,55,C,Volpi 2021; Ferraz Jr 2016,S,Vinasse leaves distillation hot (~85-90 C; K)
h2s_biogas,process,Biogas H2S,1.5,0.5,9,% v/v,Fuess group,S,
cod_so4_crit,process,Critical COD/SO4,10,7.5,12,-,Kiyuna Fuess Zaiat 2017,S,
fos_tac_lim,process,FOS/TAC stability limit,0.35,0.3,0.5,-,Literature practice,K,
tan_inhib,process,TAN 50% inhibition,3,1.7,14,g N per L,Chen Cheng Creamer 2008 10.1016/j.biortech.2007.01.057,K,Acclimation-dependent
k_inhib,process,K inhibition onset,3,2.5,4.5,g K per L,Chen 2008,K,Gap for vinasse
fc_storage_loss,process,Filter cake storage CH4 loss,12 (4 mo) / 22 (6 mo),6,27,% of potential,Hoffstadt 2020 10.3390/agronomy10060821 (energy-cane proxy),S,GAP — LABIOEN experiment
restart_days,process,Restart time after off-season,30,30,60,d,Barbosa et al. 2022 JWPE,S,Shutdown/restart beat substrate switching
bmp_fullscale,process,BMP to full-scale factor,0.85,0.70,1.0,-,Janke 2020,S,
b0_cattle,process,Manure B0 cattle,0.20,0.13,0.30,Nm3 CH4 per kg VS,IPCC 2006/2019 Vol4 Ch10,K,Verify tables
b0_swine,process,Manure B0 swine,0.30,0.25,0.45,Nm3 CH4 per kg VS,IPCC 2006/2019,K,Verify
b0_poultry,process,Manure B0 poultry,0.25,0.20,0.39,Nm3 CH4 per kg VS,IPCC 2006/2019,K,Verify
swine_manure,supply,Swine manure (finishing),14,7.5,15,L per animal per day,Embrapa Suínos e Aves Circ. 32,S,
dairy_manure,supply,Dairy cow manure,46,45,48,kg per cow per day,Embrapa,S,
feedlot_manure,supply,Confined beef manure,32,30,35,kg per head per day,Embrapa,S,
upg_elec_membrane,process,Upgrading electricity (membrane),0.25,0.18,0.35,kWh per Nm3 raw biogas,Bauer 2013 SGC 270; Angelidaki 2018,K,
upg_ch4_recovery,process,CH4 recovery (membrane),99,98,99.5,%,Angelidaki 2018,K,
compression_250bar,process,Compression to 250 bar,0.30,0.25,0.35,kWh per Nm3 biomethane,Literature,K,
capex_large_vin,costs,Specific CAPEX vinasse 60-100k Nm3/d,3900,3600,4200,R$ per Nm3/d (nominal 2023-26),Announced projects (projects_capex.csv),D,Normalize capacity basis first
capex_small_vin,costs,Specific CAPEX vinasse 15-30k Nm3/d,5500,5200,7500,R$ per Nm3/d,Announced projects,D,
capex_landfill,costs,Specific CAPEX landfill upgrading only,2300,2000,2600,R$ per Nm3/d,Announced projects,D,
capex_epe,costs,Specific CAPEX sector average (EPE),3735,2700,3735,R$ per Nm3/d,EPE NT 2025-08; NT 2023-07,S,Mix of landfill and agro
scale_exp,costs,Capacity scaling exponent,0.65,0.6,0.85,-,Six-tenths rule; projects (derived),D,
opex_epe,costs,OPEX reference,0.15,,,R$ per Nm3,EPE NT 2025-08,S,Check scope (feedstock/digestate/energy?)
lcob_epe_sucro,costs,LCOB sugar-energy (2 Mt/yr mill),1.30,0.78,1.83,R$ per m3,EPE technical note (identify which),S,
lcob_fiesp,costs,LCOB SP production,11.4,9.1,13.7,US$ per MMBtu,FIESP consortium 2024 via Brasil Energia,S,
lcob_fiesp_full,costs,LCOB SP incl. taxes & logistics,21.7,15.1,28.3,US$ per MMBtu,FIESP consortium 2024,S,
bndes_debt_share,costs,BNDES debt share,0.80,0.70,0.89,fraction of CAPEX,Projects (derived),D,Use BNDES CSV for terms
capacity_factor,process,Plant capacity factor (SP mill plants observed),,0.0,0.6,fraction,PILAR-2b 05e ANP monthly,V,Costa Pinto 0-58%; Narandiba 30-49%
cf_bonfim,process,Capacity factor Raízen Bonfim (power),0.73,,,fraction,21 MW / 135 GWh/yr (derived),D,
price_bm_fob,market,Biomethane FOB plant price,3.28,,,R$ per m3 (Jan 2026),Argus,S,
price_ng_ind,market,Industrial NG delivered,3.80,3.78,3.87,R$ per m3,MME bulletin May 2025; IEPUC Jul 2026,S,
price_ng_molecule,market,Petrobras molecule,1.90,,,R$ per m3 (Jul 2026),IEPUC,S,
price_diesel,market,Diesel at distribution,6.30,,,R$ per L (Jul 2026),IEPUC,S,
price_cbio,market,CBIO price,25,,,R$ per CBIO (Jul 2026),B3 via IEPUC,S,Historic 80-120 (K)
cgob_threshold,market,CGOB value needed for new projects,1.0,,,R$ per m3 (~R$100/CGOB),Producers via Argus,S,No traded price yet
mandate_volume,market,Mandate volume 2026/27,181.7,,,million m3,CNPE Res 4/2026,S,~505k m3/d
icms_sp,market,SP ICMS effective on biomethane,12,,,% (to 31/12/2026),SP decree (verify no.),S,IBS/CBS transition 2026-2033
haul_dist,spatial,Mean cane haul distance SP,25,20,30,km,Grey literature,S,GAP — derive from catchment model
