source_id,n_files,size_bytes,sha256_tree
aneel_biogas_gd,3,206976,bd330f40d18a37ce20a32aa65a57b235a4af97d99bce3fb7824e2d6ff26b97cf
anp_biomethane_plants,6,142547,399545cb291100989c52d7ab839ab3e4a399dbd231b8e824ef7f43d76fb002d6
cp2b_gee_exports,23,15689583,0df9001e35dfae51a0394815e3d4a7750de4e957bb1fd67cf8960da4ed95f20e
cp2b_project_map,110,112737676,703b61f3357066778cbcfc6da5fbebe5a9285e623dddb267eefd316c075ae3e9
cp2b_results_sicar,17,111102078,a582d56b7461990c4edda4382107f41511315ddbad39acc3c40bd717ccaa2620
ibge_malha_municipal_sp_2025,7,21218823,203311ac80b21cf199f737c96117049df957e2226bfdeb7e0f02f0e8820de5af
ibge_pam_seade,19,88285099,a289f729f1b40c7be514d9f00236db2ba21a14baff6b62a73f163241150f333c
mapbiomas_agropecuaria_sp_2024,2,13495926,0cd983c6a306e0e525cec2a1a0d7a6bfb46c26855e17822243c4385ea86a2b72
mapbiomas_col10_municipal,2,62932638,e2f73e91b01101cf9935a7549e69ed1b5ccf469ab5011d9cf7841383b51e5c40
mapbiomas_infra,120,104959316,a9597dc364e4d36ba3eb6a486c4495af451f9d3035a0a7374add75920e0e7c55
pilar2b_canonical_parameters,14,591303,3abbfbbe3fb90579432d4ef4e239744d19a82f36520c135d4d458232f08a7782
pilar2b_fde,2,81693,ef9c0c137d03ede8b8034c5ce6613b30e9b6172cab9eb217de0e6662f4081ad6
pilar2b_residue_streams_sp,5,1875372,1b5b66c37f141285bd50861371e4010f6a19ff90128ae8847220cb9eb50f456a
