id,path,format,size_bytes,sha256,modified_utc,n_files,sidecars,crs,bounds,private
held_aneel_biogas_gd_05g_aneel_biogas_gd_plants,aneel_biogas_gd/05g_aneel_biogas_gd_plants.csv,CSV,152936,ebcc88b0992fadef14cba4f92508812a2648f347a32ad049b3edcebc49185187,2026-06-20T12:41:15+00:00,1,,,,False
held_aneel_biogas_gd_05h_aneel_biogas_gd_summary,aneel_biogas_gd/05h_aneel_biogas_gd_summary.csv,CSV,779,8915c5e5548d41509e99be39e8f4e6d054871a15d11616530ef18fa6a7370773,2026-09-23T00:05:35+00:00,1,,,,False
held_aneel_biogas_gd_sources_aneel_biogas_gd_raw,aneel_biogas_gd/sources/aneel_biogas_gd_raw.csv,CSV,53261,28d4ca845521146977bc19ef1b805d8f3ef3b2c64bbab1c7aedaeac48062d8e8,2026-06-20T12:41:15+00:00,1,,,,False
held_anp_biomethane_plants_05c_anp_biometano_plants_latest,anp_biomethane_plants/05c_anp_biometano_plants_latest.csv,CSV,2088,e92737e306ffbce93cf913da05392b28505695a06b1821c0feacd6849e2bf0d1,2026-06-20T12:41:15+00:00,1,,,,False
held_anp_biomethane_plants_05d_anp_biometano_production_state_monthly,anp_biomethane_plants/05d_anp_biometano_production_state_monthly.csv,CSV,13140,5de5831368ee367cdee6a43c597b503b14a594fd85f72f51e62b5910da58577c,2026-06-20T12:41:15+00:00,1,,,,False
held_anp_biomethane_plants_05e_anp_biometano_plant_volume_monthly,anp_biomethane_plants/05e_anp_biometano_plant_volume_monthly.csv,CSV,53993,595d8396c96fb445e11a22d3db975825a28ea48ddb2d6e478dbb5ccf85c56683,2026-06-20T12:41:15+00:00,1,,,,False
held_anp_biomethane_plants_05f_anp_fleet_stats,anp_biomethane_plants/05f_anp_fleet_stats.csv,CSV,469,789c28b77db1b52b3df497eb0ff13f8393e60ff9918387ef3926d1fb677fdffa,2026-06-20T12:41:15+00:00,1,,,,False
held_anp_biomethane_plants_sources_anp_biometano_capacidade,anp_biomethane_plants/sources/anp_biometano_capacidade.csv,CSV,61329,5f7f012b5e4cb97c95a4520eae4ab40e1e474135b46cd3beaec1706dc2d273f8,2026-06-20T12:41:15+00:00,1,,,,False
held_anp_biomethane_plants_sources_anp_biometano_producao,anp_biomethane_plants/sources/anp_biometano_producao.csv,CSV,11528,6225d5c43a0f659b14a48af03081656641d6dc6e201c861b993db4e51e0d6ca9,2026-06-20T12:41:15+00:00,1,,,,False
held_cp2b_gee_exports_sao_paulo_bird_farms,cp2b_gee_exports/sao_paulo_bird_farms.fix,fix,206005,b763385d3c0c99569bc76e0486bb60a89d067ee0b0b379883a948e3d2a2cd2f1,2026-08-15T12:19:38+00:00,1,,,,False
held_cp2b_gee_exports_sao_paulo_bird_farms,cp2b_gee_exports/sao_paulo_bird_farms.shp,ESRI Shapefile,1940523,a1a4cabf60e3271078a00ec218013422c40d579e67a37cf5a07be63171c35bb3,2026-08-15T12:19:38+00:00,5,.cpg;.dbf;.prj;.shx,EPSG:4326,"-52.946389,-25.223026,-44.322100,-19.909998",False
held_cp2b_gee_exports_sao_paulo_farms_complete,cp2b_gee_exports/sao_paulo_farms_complete.fix,fix,357289,ec8bcf656352b44b157878215a15349e10575265c80d6483c67b1109b38466de,2026-08-15T12:19:38+00:00,1,,,,False
held_cp2b_gee_exports_sao_paulo_farms_complete,cp2b_gee_exports/sao_paulo_farms_complete.shp,ESRI Shapefile,3454433,0939269bcaeb4c681b88240ae4a8eaaf203aada0cd301edf641fc586ce199303,2026-08-15T12:19:38+00:00,5,.cpg;.dbf;.prj;.shx,EPSG:4326,"-52.946389,-25.223026,49.627859,-19.839584",False
held_cp2b_gee_exports_sao_paulo_farms_web,cp2b_gee_exports/sao_paulo_farms_web.geojson,GeoJSON,8179816,168bfd530cf68fb2d119470fe2c585bdb17b9406a25584525c0ef7185922018a,2026-08-15T12:19:38+00:00,1,,EPSG:4326,"-52.946389,-25.223026,49.627859,-19.839584",False
held_cp2b_gee_exports_sao_paulo_pig_farms,cp2b_gee_exports/sao_paulo_pig_farms.fix,fix,151297,ae2c0dfc7324d1022d95cc5090f6ae4be9eefa01a3b82b3caf928fce67f066e0,2026-08-15T12:19:42+00:00,1,,,,False
held_cp2b_gee_exports_sao_paulo_pig_farms,cp2b_gee_exports/sao_paulo_pig_farms.shp,ESRI Shapefile,1400142,2d7ca04aa6a44eaa5fb610a1e500a2ee573693ad529ceab33f2d35167dfbe482,2026-08-15T12:19:42+00:00,5,.cpg;.dbf;.prj;.shx,EPSG:4326,"-52.798998,-25.056099,49.627859,-19.839584",False
held_cp2b_gee_exports_tmax_points_1991_2000,cp2b_gee_exports/tmax_points_1991_2000.csv,CSV,2,75a11da44c802486bc6f65640aa48a730f0f684c5c07a42ba3cd1735eb3fb070,2026-08-15T12:19:38+00:00,1,,,,False
held_cp2b_gee_exports_tmax_points_1991_2020,cp2b_gee_exports/tmax_points_1991_2020.csv,CSV,72,6c43dd9797c8758dae3546b28f15ed90b54eac5674d75b676f4a08282ce33bfa,2026-08-15T12:19:38+00:00,1,,,,False
held_cp2b_gee_exports_tmax_points_2001_2010,cp2b_gee_exports/tmax_points_2001_2010.csv,CSV,2,75a11da44c802486bc6f65640aa48a730f0f684c5c07a42ba3cd1735eb3fb070,2026-08-15T12:19:38+00:00,1,,,,False
held_cp2b_gee_exports_tmax_points_2011_2020,cp2b_gee_exports/tmax_points_2011_2020.csv,CSV,2,75a11da44c802486bc6f65640aa48a730f0f684c5c07a42ba3cd1735eb3fb070,2026-08-15T12:19:38+00:00,1,,,,False
held_cp2b_project_map_cp2b_biogas_dataset,cp2b_project_map/cp2b_biogas_dataset.jsonl,jsonl,16501,c7075347920a83fa828fbde2513befcef3925aaca58a31b705ad331524e5b013,2026-08-22T10:46:38+00:00,1,,,,False
held_cp2b_project_map_dados_por_municipios_sp,cp2b_project_map/Dados_Por_Municipios_SP.xls,Excel,864256,f7c7bbebcc6d9b47e89b21a66afefa6238082f7b38ee8aee4980bfa01ffbe875,2026-08-22T10:46:38+00:00,1,,,,False
held_cp2b_project_map_database_cp2b_maps,cp2b_project_map/database/cp2b_maps.db,db,626688,ebb2886834f9348d98dd5a3ea012b2b9b0f496820f66d6a71e4c3e4398e56de7,2026-08-22T10:46:38+00:00,1,,,,False
held_cp2b_project_map_panorama_scientific_papers,cp2b_project_map/panorama_scientific_papers.json,JSON,32551,ace68b52be56adea7fab151843797211aeb68b44b70f7b26a1f1e5c0ead28202,2026-08-22T10:46:38+00:00,1,,,,False
held_cp2b_project_map_rasters_mapbiomas_agropecuaria_sp_2024,cp2b_project_map/rasters/mapbiomas_agropecuaria_sp_2024.tif,GeoTIFF,13493883,c78dd4024b21b0574eeb96596341a0a0ecf2e38db2de2f9a00196c864263e399,2026-08-22T10:46:38+00:00,1,,EPSG:4326,"-53.110915,-25.358632,-44.161000,-19.779286",False
held_cp2b_project_map_shapefile_areas_urbanas_sp,cp2b_project_map/shapefile/Areas_Urbanas_SP.shp,ESRI Shapefile,39423186,d2d5290b33183db43cde0bb3771b8443ddcc6a8b9178bd4d9d3aaee7304af130,2026-08-22T10:46:38+00:00,7,.cpg;.dbf;.prj;.sbn;.sbx;.shx,EPSG:4674,"-53.064944,-25.218380,-44.169869,-19.805207",False
held_cp2b_project_map_shapefile_areas_urbanas_sp_shp,cp2b_project_map/shapefile/Areas_Urbanas_SP.shp.xml,xml,12242,0e0d55fee8425f897a69ef81d0a396ee1411da3715c6194deac8c94681d98c2b,2026-08-22T10:46:38+00:00,1,,,,False
held_cp2b_project_map_shapefile_etes_2019_sp,cp2b_project_map/shapefile/ETEs_2019_SP.shp,ESRI Shapefile,1279824,546ad17759c90c9a6f8142bb29c67f6f86176d58cd73259ff7def9660a03d9f5,2026-08-22T10:46:38+00:00,7,.cpg;.dbf;.prj;.sbn;.sbx;.shx,EPSG:4674,"-53.035957,-24.995469,-44.310370,-19.950833",False
held_cp2b_project_map_shapefile_etes_2019_sp_shp,cp2b_project_map/shapefile/ETEs_2019_SP.shp.xml,xml,16793,5bcf808d21cf0e34cb2122d95a10268b6e5baf78f7e22f933f070538c63bee05,2026-08-22T10:46:38+00:00,1,,,,False
held_cp2b_project_map_shapefile_gasodutos_distribuicao_sp,cp2b_project_map/shapefile/Gasodutos_Distribuicao_SP.shp,ESRI Shapefile,12407746,e4bf176f059487f74942deee91a38d9ef8faa1978b04c0726b199f307ccc5e6d,2026-08-22T10:46:38+00:00,7,.cpg;.dbf;.prj;.sbn;.sbx;.shx,EPSG:4674,"-60.110360,-30.127819,-34.832970,-2.891666",False
held_cp2b_project_map_shapefile_gasodutos_distribuicao_sp_shp,cp2b_project_map/shapefile/Gasodutos_Distribuicao_SP.shp.xml,xml,21815,4adb3ff0a8874f50ab3ac84053cffa24e1378fe07ea23b082b2c7ad837321837,2026-08-22T10:46:38+00:00,1,,,,False
held_cp2b_project_map_shapefile_gasodutos_transporte_sp,cp2b_project_map/shapefile/Gasodutos_Transporte_SP.shp,ESRI Shapefile,1612278,fe72fe9f3b1e85880879f69bee89e037f2b37579dc98e20b3ff06937f0594448,2026-08-22T10:46:38+00:00,7,.cpg;.dbf;.prj;.sbn;.sbx;.shx,EPSG:4674,"-65.299526,-29.897014,-34.940125,-3.131664",False
held_cp2b_project_map_shapefile_gasodutos_transporte_sp_shp,cp2b_project_map/shapefile/Gasodutos_Transporte_SP.shp.xml,xml,29634,f6511da8a9e881379bc56c122ba5100b18947f1a8fa0fa1da4f0e5c4b2ddf8cd,2026-08-22T10:46:38+00:00,1,,,,False
held_cp2b_project_map_shapefile_limite_sp,cp2b_project_map/shapefile/Limite_SP.shp,ESRI Shapefile,867119,2ae26de18593c9b4affededfad7b43e97b56be68b6ee5c94bae8134bd78d62b7,2026-08-22T10:46:38+00:00,7,.cpg;.dbf;.prj;.sbn;.sbx;.shx,EPSG:31982,"283101.872027,7192107.316523,1203665.573362,7812815.412492",False
held_cp2b_project_map_shapefile_limite_sp_shp,cp2b_project_map/shapefile/Limite_SP.shp.xml,xml,9314,edde82c3ad5fc86c0b51f0a50d415534d57ac9cbc630f87236ec46b754c6412d,2026-08-22T10:46:38+00:00,1,,,,False
held_cp2b_project_map_shapefile_limite_sp,cp2b_project_map/shapefile/Limite_SP.zip,ZIP,676364,e731304833012588c6e8f7189ebb32f89ecaad5e983187be818a0f3e94204f39,2026-08-22T10:46:38+00:00,1,,,,False
held_cp2b_project_map_shapefile_linhas_de_transmissao_energia,cp2b_project_map/shapefile/Linhas_De_Transmissao_Energia.shp,ESRI Shapefile,721928,244a52416e2402911c8c93e4d7a6ae31faa9fc9edab4ad3ab5ee8c81fc58bdf5,2026-08-22T10:46:38+00:00,7,.cpg;.dbf;.prj;.sbn;.sbx;.shx,EPSG:4674,"-53.000847,-24.673349,-44.204543,-19.790881",False
held_cp2b_project_map_shapefile_linhas_de_transmissao_energia_shp,cp2b_project_map/shapefile/Linhas_De_Transmissao_Energia.shp.xml,xml,11511,cd260f4d161169d5c09e0a130ffd11cbd3dce9f619bab463831ff97ea8181917,2026-08-22T10:46:38+00:00,1,,,,False
held_cp2b_project_map_shapefile_plantas_biogas_sp,cp2b_project_map/shapefile/Plantas_Biogas_SP.shp,ESRI Shapefile,124077,8b23b78808cfa2ccfc35e86a45387fc841092253ee47c04644be5bc87e189782,2026-08-22T10:46:38+00:00,7,.cpg;.dbf;.prj;.sbn;.sbx;.shx,EPSG:31982,"286151.291900,7259315.683900,1059279.428600,7796984.615700",False
held_cp2b_project_map_shapefile_plantas_biogas_sp_shp,cp2b_project_map/shapefile/Plantas_Biogas_SP.shp.xml,xml,10282,58253cef8c497635609dc4dcd6cb77f7d4ed3e7e6072f56bc5a96f21ba5b8257,2026-08-22T10:46:38+00:00,1,,,,False
held_cp2b_project_map_shapefile_regiao_adm_sp,cp2b_project_map/shapefile/Regiao_Adm_SP.shp,ESRI Shapefile,5274574,e291292c1d78b20ccd9590cf09ab51c06758a3151241aa26004dccad32bbf38e,2026-08-22T10:46:39+00:00,7,.cpg;.dbf;.prj;.sbn;.sbx;.shx,EPSG:4674,"-53.104873,-25.308346,-44.163398,-19.780447",False
held_cp2b_project_map_shapefile_regiao_adm_sp_shp,cp2b_project_map/shapefile/Regiao_Adm_SP.shp.xml,xml,5507,d7eee57682f994797e6546baf6d05a7430eb0be150fc42f6962fab59418036b3,2026-08-22T10:46:39+00:00,1,,,,False
held_cp2b_project_map_shapefile_rodovias_estaduais_sp,cp2b_project_map/shapefile/Rodovias_Estaduais_SP.shp,ESRI Shapefile,6640460,5a5ff03a201d2e0eef80f3542518ead4a957d3f715d09e040c289a6c5f8bc390,2026-08-22T10:46:39+00:00,7,.cpg;.dbf;.prj;.sbn;.sbx;.shx,EPSG:4674,"-53.055747,-25.000491,-44.164036,-19.847308",False
held_cp2b_project_map_shapefile_rodovias_estaduais_sp_shp,cp2b_project_map/shapefile/Rodovias_Estaduais_SP.shp.xml,xml,31040,9887675c9942a6ed728ffb26e5e0c66b543c093e18eaa4a369cfd929ba0332de,2026-08-22T10:46:39+00:00,1,,,,False
held_cp2b_project_map_shapefile_shapefile_425_biogas_mapbiomas_sp,cp2b_project_map/shapefile/Shapefile_425_Biogas_Mapbiomas_SP.shp,ESRI Shapefile,6325482,4a328ba08f114340083caae4d5242f8129901a960c92ba057dd41a50a503dbd2,2026-08-22T10:46:39+00:00,7,.cpg;.dbf;.prj;.sbn;.sbx;.shx,EPSG:4674,"-52.523973,-24.213084,-45.336937,-19.922490",False
held_cp2b_project_map_shapefile_shapefile_425_biogas_mapbiomas_sp_shp,cp2b_project_map/shapefile/Shapefile_425_Biogas_Mapbiomas_SP.shp.xml,xml,89122,85f1789b0b886fd7dc1b331c7941a17a94c9e47bf68ed8863a91328fb551ae5e,2026-08-22T10:46:39+00:00,1,,,,False
held_cp2b_project_map_shapefile_shapefile_425_biogas_mapbiomas_sp_shp,cp2b_project_map/shapefile/Shapefile_425_Biogas_Mapbiomas_SP.shp.zip,ZIP,164391,fda7952dd6a98eb112ad0e7aceffb387e1b6e6bec58a3e7a7fb8f9c8339d8f16,2026-08-22T10:46:39+00:00,1,,,,False
held_cp2b_project_map_shapefile_sp_municipios_2024,cp2b_project_map/shapefile/SP_Municipios_2024.shp,ESRI Shapefile,14651531,d6ebb480e368f0ddfa9c1e076f43fefc115b501718f143a8bb869656df5d52d6,2026-08-22T10:46:39+00:00,5,.cpg;.dbf;.prj;.shx,EPSG:4674,"-53.110112,-25.358000,-44.161365,-19.779656",False
held_cp2b_project_map_shapefile_sp_rg_imediatas_2024,cp2b_project_map/shapefile/SP_RG_Imediatas_2024.shp,ESRI Shapefile,4544605,d0008a5358d9ef36318ecb8e141ff8bcdd7777390dbc29027efdd3541cdc3142,2026-08-22T10:46:39+00:00,5,.cpg;.dbf;.prj;.shx,EPSG:4674,"-53.110112,-25.358000,-44.161365,-19.779656",False
held_cp2b_project_map_shapefile_sp_rg_intermediarias_2024,cp2b_project_map/shapefile/SP_RG_Intermediarias_2024.shp,ESRI Shapefile,2538231,148dce613b6d50b5d7923d2348aa7df2b0364eec27dcf31fee9de6a6b6e98276,2026-08-22T10:46:39+00:00,5,.cpg;.dbf;.prj;.shx,EPSG:4674,"-53.110112,-25.358000,-44.161365,-19.779656",False
held_cp2b_project_map_shapefile_subestacoes_energia,cp2b_project_map/shapefile/Subestacoes_Energia.shp,ESRI Shapefile,187286,d8a11050ce70c9b318a8deef93fc98cbd802ff41f8e03efcedb670f1a9c20bd7,2026-08-22T10:46:39+00:00,7,.cpg;.dbf;.prj;.sbn;.sbx;.shx,EPSG:4674,"-52.523973,-23.634899,-45.613581,-19.922490",False
held_cp2b_project_map_shapefile_subestacoes_energia_shp,cp2b_project_map/shapefile/Subestacoes_Energia.shp.xml,xml,27455,ed990b0bc9bb5862a08e17fbcf32e833b15bfccc8201ea430cbc759ceaa117b2,2026-08-22T10:46:39+00:00,1,,,,False
held_cp2b_results_sicar_cp2b_infra_00,cp2b_results_sicar/CP2B_Infra_00.csv,CSV,2233833,c94393a4f845e01c549060c4b443ea054483ec5bcbbc006a87109d2b4616c985,2026-08-15T12:19:50+00:00,1,,,,False
held_cp2b_results_sicar_cp2b_infra_01,cp2b_results_sicar/CP2B_Infra_01.csv,CSV,1968837,0abda9bb84643341061c4f964cd667347ef2f27b56b16463395132e4d55f343f,2026-08-15T12:19:50+00:00,1,,,,False
held_cp2b_results_sicar_cp2b_infra_02,cp2b_results_sicar/CP2B_Infra_02.csv,CSV,1737874,de6f8eb08b4d6c33dddbd7aa7c50e63abf810e155579524923b8a02aa4699d87,2026-08-15T12:19:50+00:00,1,,,,False
held_cp2b_results_sicar_cp2b_infra_03,cp2b_results_sicar/CP2B_Infra_03.csv,CSV,1907069,62f93a550175671922839a180e639e791690449b81b0b0a84d4fe8a4a9bfdd1a,2026-08-15T12:19:50+00:00,1,,,,False
held_cp2b_results_sicar_cp2b_infra_04,cp2b_results_sicar/CP2B_Infra_04.csv,CSV,1807757,343a576196775241c67b3d1792e7b419885f521b11348237868bef87f14d6cdc,2026-08-15T12:19:50+00:00,1,,,,False
held_cp2b_results_sicar_cp2b_infra_05,cp2b_results_sicar/CP2B_Infra_05.csv,CSV,1824172,101eaec30749348ddfc6d432e342c1d541d71bb83c6920299775a05a4390e06f,2026-08-15T12:19:50+00:00,1,,,,False
held_cp2b_results_sicar_cp2b_infra_06,cp2b_results_sicar/CP2B_Infra_06.csv,CSV,1033482,3d2743637345c3ec56c91e4d6a828fd7a6a09f778e2667b720f14dc4df83adc9,2026-08-15T12:19:50+00:00,1,,,,False
held_cp2b_results_sicar_cp2b_infra_07,cp2b_results_sicar/CP2B_Infra_07.csv,CSV,1074393,0aca704a68c08b6f25813c0f4384d02ed976ed0121ef35777832c806b89ec592,2026-08-15T12:19:50+00:00,1,,,,False
held_cp2b_results_sicar_cp2b_infra_08,cp2b_results_sicar/CP2B_Infra_08.csv,CSV,1554841,706bd2877fb69b5b7759bfd8a69e228a079ea36a93703effeddec994c3c0dc9d,2026-08-15T12:19:50+00:00,1,,,,False
held_cp2b_results_sicar_cp2b_infra_09,cp2b_results_sicar/CP2B_Infra_09.csv,CSV,1464845,0cbdc45ebf7b8ad1f3b1f15dadab82b88ac967526871061771fca693d0937c92,2026-08-15T12:19:50+00:00,1,,,,False
held_cp2b_results_sicar_cp2b_infra_10,cp2b_results_sicar/CP2B_Infra_10.csv,CSV,1908417,9d262276fd78e154d9beddd3186d3d000e019c26d0d46f31948ff33d6c958666,2026-08-15T12:19:50+00:00,1,,,,False
held_cp2b_results_sicar_cp2b_infra_11,cp2b_results_sicar/CP2B_Infra_11.csv,CSV,1848709,1f97b91ef5c36785c5413111de309b4a6d003f085a69b627cdcd0c4540c1bb85,2026-08-15T12:19:50+00:00,1,,,,False
held_cp2b_results_sicar_cp2b_infra_12,cp2b_results_sicar/CP2B_Infra_12.csv,CSV,871192,e45dea268cb207b1a11300ccf16ff2beb677ea111d5c7e8699ab5548748f498f,2026-08-15T12:19:50+00:00,1,,,,False
held_cp2b_results_sicar_cp2b_restrictions_analysis,cp2b_results_sicar/CP2B_Restrictions_Analysis.csv,CSV,21326227,41ee2b8e9b7e284c407681ebfc18864f2589cb8a7d3ec81414854262639ae898,2026-08-15T12:19:51+00:00,1,,,,False
held_cp2b_results_sicar_cp2b_sicar_biomass_10km,cp2b_results_sicar/CP2B_SICAR_Biomass_10km.csv,CSV,22756281,c7d14e75d67033d4928966b62ae9f78b08463b677033bd1bb94213fdc5383a58,2026-08-15T12:19:51+00:00,1,,,,False
held_cp2b_results_sicar_cp2b_sicar_biomass_30km,cp2b_results_sicar/CP2B_SICAR_Biomass_30km.csv,CSV,22887203,ba4bab0d8e80075cfa9fc8cc238019aeb1870bfead7d3288c46f7d6a3f2fc645,2026-08-15T12:19:50+00:00,1,,,,False
held_cp2b_results_sicar_cp2b_sicar_biomass_50km,cp2b_results_sicar/CP2B_SICAR_Biomass_50km.csv,CSV,22896946,e7a13bf37ade8753c496bf1a54d6a849b196070d67b43f17c766193a30e8b40f,2026-08-15T12:19:51+00:00,1,,,,False
held_ibge_malha_municipal_sp_2025_leia_me,ibge_malha_municipal_sp_2025/LEIA-ME.txt,Text,1218,5ae61d51a30abca9648c6c251899e41c5109abb02e44f90187bb8eb3954dbd5c,2026-08-15T11:46:34+00:00,1,,,,False
held_ibge_malha_municipal_sp_2025_sp_municipios_2025,ibge_malha_municipal_sp_2025/SP_Municipios_2025.shp,ESRI Shapefile,21217605,40a453ab52ebdfe74827a1156b58d4cfa070dbb3ad50c71f3e4d095376922b5e,2026-08-15T11:46:34+00:00,6,.cpg;.dbf;.prj;.qmd;.shx,EPSG:4674,"-53.110112,-25.358000,-44.161365,-19.779656",False
held_ibge_pam_seade_agro_pam_conab_conab_graos_cana_uf_2008_2024,ibge_pam_seade/Agro_PAM_CONAB/CONAB_GRAOS_CANA_UF_2008_2024.csv,CSV,49528,c15740e754a6c52aeeb07e30f5cbfd738890142db5ee21bbf128aaa54540b258,2026-08-02T09:42:22+00:00,1,,,,False
held_ibge_pam_seade_agro_pam_conab_conab_graos_uf_2008_2024,ibge_pam_seade/Agro_PAM_CONAB/CONAB_GRAOS_UF_2008_2024.csv,CSV,20437,bc5fc938ae88e7a692ec406edd4afd82a0de58b0390450dae72eb2ee58b389d3,2026-08-02T09:42:22+00:00,1,,,,False
held_ibge_pam_seade_agro_pam_conab_dados_conab,ibge_pam_seade/Agro_PAM_CONAB/Dados_CONAB.xlsx,Excel,1324188,0f1d3920190eff61c611f6f685c3f7b10e3c7bc3565e130583d36cb83c0dc812,2026-08-02T09:42:23+00:00,1,,,,False
held_ibge_pam_seade_agro_pam_conab_dados_sidra_culturas_1,ibge_pam_seade/Agro_PAM_CONAB/Dados_SIDRA_Culturas (1).xlsx,Excel,487128,c3cefabd9d7d8ff101d21c6daf49aa8cd5cbeb8a8f34489a6e28151159243ed5,2026-08-02T09:42:22+00:00,1,,,,False
held_ibge_pam_seade_agro_pam_conab_milho_pam_safras_limpo,ibge_pam_seade/Agro_PAM_CONAB/Milho_PAM_SAFRAS_Limpo.csv,CSV,231827,0cf3381d3971f06bfeb34fb9b50d8b4c5489563a19381a0777acc355250c8ca2,2026-08-02T09:42:22+00:00,1,,,,False
held_ibge_pam_seade_agro_pam_conab_milho_pam_safras_subdivi,ibge_pam_seade/Agro_PAM_CONAB/Milho_PAM_SAFRAS_SUBDIVI.xlsx,Excel,4193575,a1460897613d60f9d56bb0923eaa1570d6108c6021a79f30b1663dc9af858974,2026-08-02T09:42:23+00:00,1,,,,False
held_ibge_pam_seade_agro_pam_conab_pam_rgint_completo,ibge_pam_seade/Agro_PAM_CONAB/PAM_RGINT_COMPLETO.csv,CSV,457802,24b230dc2c2e8f02e43c7e22496fd1cf884acc06deedcf739a896f3837de5efe,2026-08-02T09:42:22+00:00,1,,,,False
held_ibge_pam_seade_agro_pam_conab_pam_tabela839_milho_por_safra,ibge_pam_seade/Agro_PAM_CONAB/PAM_tabela839_milho_por_safra.xlsx,Excel,3153570,639c71cb00a0cc34c322e2c91529a3baf22836e2a1579da770b511c031268c14,2026-08-02T09:42:23+00:00,1,,,,False
held_ibge_pam_seade_agro_pam_conab_tabela5457_1,ibge_pam_seade/Agro_PAM_CONAB/tabela5457 (1).csv,CSV,8820127,2bdff5382862e25f2b7ea9b31dcd09e08aecde2807d7d9b652c55298c9aa9a61,2026-08-02T09:42:23+00:00,1,,,,False
held_ibge_pam_seade_agro_pam_conab_tabela5457,ibge_pam_seade/Agro_PAM_CONAB/tabela5457.csv,CSV,6508988,1662bcc3fa3dab776279e309d4d150a12d8fa50164946064d5ab2c65400bd4ea,2026-08-02T09:42:22+00:00,1,,,,False
held_ibge_pam_seade_pam_1612_1613_tabela_1612_2012_a_2008,ibge_pam_seade/PAM_1612_1613/TABELA_1612_2012_A_2008.xlsx,Excel,8928046,13682be331bcbb7df383f3bac2e198c651cc1e3075644361821ae39b95d92953,2026-08-02T09:42:35+00:00,1,,,,False
held_ibge_pam_seade_pam_1612_1613_tabela_1612_2016_a_2013,ibge_pam_seade/PAM_1612_1613/TABELA_1612_2016_A_2013.xlsx,Excel,7102791,7d950e7bddf3eb79bb88971157b44839870b1d87ddceeca05417ff375e8bfe09,2026-08-02T09:42:35+00:00,1,,,,False
held_ibge_pam_seade_pam_1612_1613_tabela_1612_2020_a_2017,ibge_pam_seade/PAM_1612_1613/TABELA_1612_2020_A_2017.xlsx,Excel,7142227,f98f2c86778dfda3c19cf2dfb7b7686ae0c0db43b61371c4baad6842f730bde7,2026-08-02T09:42:35+00:00,1,,,,False
held_ibge_pam_seade_pam_1612_1613_tabela_1612_2024_a_2021,ibge_pam_seade/PAM_1612_1613/TABELA_1612_2024_A_2021.xlsx,Excel,7157506,9b753edbad6908a54d841667c77db8eb7ee427c20c3ba104fb8dcdca4fba826b,2026-08-02T09:42:35+00:00,1,,,,False
held_ibge_pam_seade_pam_1612_1613_tabela_1613_2008_a_2011,ibge_pam_seade/PAM_1612_1613/TABELA_1613_2008_A_2011.xlsx,Excel,7813972,14863650190b25b79c90e9eb816c947da3924cfdc4d3553d24488927260fed0d,2026-08-02T09:42:35+00:00,1,,,,False
held_ibge_pam_seade_pam_1612_1613_tabela_1613_2012_a_2015,ibge_pam_seade/PAM_1612_1613/TABELA_1613_2012_A_2015.xlsx,Excel,7648077,eb35e90c2f531972a9682b801d58dbf21be0e951bf1a732b93b0da5139f2693e,2026-08-02T09:42:35+00:00,1,,,,False
held_ibge_pam_seade_pam_1612_1613_tabela_1613_2016_a_2020,ibge_pam_seade/PAM_1612_1613/TABELA_1613_2016_A_2020.xlsx,Excel,7566177,8e1bd751b0f1df214b5c35896fc0db782fb2cd1372a548dfe408898d445d538b,2026-08-02T09:42:35+00:00,1,,,,False
held_ibge_pam_seade_pam_1612_1613_tabela_1613_2020_a_2023,ibge_pam_seade/PAM_1612_1613/TABELA_1613_2020_A_2023.xlsx,Excel,7507245,2814806f4d5f34e3ffd2345d4bf78d3a48e579a062109af45a80aebb1020da17,2026-08-02T09:42:35+00:00,1,,,,False
held_ibge_pam_seade_pam_1612_1613_tabela_1613_2024,ibge_pam_seade/PAM_1612_1613/TABELA_1613_2024.xlsx,Excel,2171888,4ecf05a6becd73a5a65b8f637007682d87e64d39a071ed4a5e30abe83d1a5842,2026-08-02T09:42:34+00:00,1,,,,False
held_mapbiomas_agropecuaria_sp_2024_mapbiomas_agropecuaria_sp_2024,mapbiomas_agropecuaria_sp_2024/mapbiomas_agropecuaria_sp_2024.tif,GeoTIFF,13493883,c78dd4024b21b0574eeb96596341a0a0ecf2e38db2de2f9a00196c864263e399,2026-04-12T21:20:49+00:00,1,,EPSG:4326,"-53.110915,-25.358632,-44.161000,-19.779286",False
held_mapbiomas_agropecuaria_sp_2024_mapbiomas_metadata,mapbiomas_agropecuaria_sp_2024/mapbiomas_metadata.json,JSON,2043,7fcd506df45f2d37476e5e8d11a56f8c205da205f654078fb3ac432a8a70feca,2026-04-12T21:20:49+00:00,1,,,,False
held_mapbiomas_col10_municipal_master_uf_mb_pam_conab_2008_2024,mapbiomas_col10_municipal/MASTER_UF_MB_PAM_CONAB_2008_2024.csv,CSV,187818,9c0293094175da47fb681f48f35fd70caa7243bce2c19bbe5c7dd3e27907848b,2026-08-02T09:42:22+00:00,1,,,,False
held_mapbiomas_col10_municipal_mb_col10_municipios,mapbiomas_col10_municipal/MB_col10_municipios.csv,CSV,62744820,59a9d80f258950f2d1c5c462aa8c76b5b522e805068d6a3b1f4a898f032ec24e,2026-08-02T09:42:22+00:00,1,,,,False
held_mapbiomas_infra_structure_biodiesel_plant_macosx_usina_biodiesel,mapbiomas_infra/structure_biodiesel_plant/__MACOSX/._usina_biodiesel.shp,ESRI Shapefile,904,f08097858f166175d3182ee8e74984c3f6a5e895e63ef18515080040b46b13e1,2022-07-22T15:41:12+00:00,4,.dbf;.prj;.shx,unreadable: DataSourceError,,False
held_mapbiomas_infra_structure_biodiesel_plant_usina_biodiesel,mapbiomas_infra/structure_biodiesel_plant/usina_biodiesel.shp,ESRI Shapefile,176161,4f687b1df44c2ab7583dadd85e1fd2ca068eafb55bcd825978f2f9886d25cb85,2022-07-22T15:41:12+00:00,4,.dbf;.prj;.shx,EPSG:4674,"-61.912000,-30.269572,-37.786261,-1.096079",False
held_mapbiomas_infra_structure_biogas_plant_macosx_usina_biogas,mapbiomas_infra/structure_biogas_plant/__MACOSX/._usina_biogas.shp,ESRI Shapefile,904,ae120fa5e84b85dd0e33c9075bd8b5e75eab40551f16fbef0149e7f3bb02e145,2022-08-04T14:25:20+00:00,4,.dbf;.prj;.shx,unreadable: DataSourceError,,False
held_mapbiomas_infra_structure_biogas_plant_usina_biogas,mapbiomas_infra/structure_biogas_plant/usina_biogas.shp,ESRI Shapefile,1463292,b7fce371b518757c974d7bb00d9268ebe9582c8be49d3a656f7d3c4438c5afd6,2022-08-04T14:25:20+00:00,4,.dbf;.prj;.shx,EPSG:4674,"-60.021667,-30.175379,-34.845000,-2.940833",False
held_mapbiomas_infra_structure_biomass_thermal_power_plant_macosx_usinas_termele,mapbiomas_infra/structure_biomass_thermal_power_plant/__MACOSX/._Usinas_Termelétricas_UTE_Biomassa.shp,ESRI Shapefile,904,0789a3092c5e54caa86ed78f24ccac249680813751190738044ed9173ebae45a,2022-07-19T18:45:46+00:00,4,.dbf;.prj;.shx,unreadable: DataSourceError,,False
held_mapbiomas_infra_structure_biomass_thermal_power_plant_usinas_termele_tricas,mapbiomas_infra/structure_biomass_thermal_power_plant/Usinas_Termelétricas_UTE_Biomassa.shp,ESRI Shapefile,3289832,64b516e331733ba332007f621f8cd1d4503a1ae07671fc9e706852ca854b6bbe,2022-07-19T18:45:46+00:00,4,.dbf;.prj;.shx,EPSG:4674,"-67.810529,-31.745500,-34.875880,3.203568",False
held_mapbiomas_infra_structure_compression_station_macosx_estacao_compressao,mapbiomas_infra/structure_compression_station/__MACOSX/._estacao_compressao.shp,ESRI Shapefile,904,62c1799a1a8ef2d21e69a3e6f17c853541e3abd04aa0200ef920c8ec2853b4c7,2022-07-25T16:39:34+00:00,4,.dbf;.prj;.shx,unreadable: DataSourceError,,False
held_mapbiomas_infra_structure_compression_station_estacao_compressao,mapbiomas_infra/structure_compression_station/estacao_compressao.shp,ESRI Shapefile,75609,2436194dbb04760b3f1d46cdafaf86d0cd84cb73c47d474b2961476fe9747803,2022-07-25T16:39:34+00:00,4,.dbf;.prj;.shx,EPSG:4674,"-64.155381,-28.605224,-35.007211,-3.949419",False
held_mapbiomas_infra_structure_distribution_gas_pipeline_macosx_gasoduto_distrib,mapbiomas_infra/structure_distribution_gas_pipeline/__MACOSX/._gasoduto-distribuicao.shp,ESRI Shapefile,904,c9725cfd78abd434a9da1133af5a01a9633bf8bfb2892852698ae5b08d225998,2022-08-01T15:36:52+00:00,4,.dbf;.prj;.shx,unreadable: DataSourceError,,False
held_mapbiomas_infra_structure_distribution_gas_pipeline_gasoduto_distribuicao,mapbiomas_infra/structure_distribution_gas_pipeline/gasoduto-distribuicao.shp,ESRI Shapefile,9335365,67e8d581c7b0377de1c80938b8cc18e1abb8462275584bbc2dd98350752d7a69,2022-08-01T15:36:52+00:00,4,.dbf;.prj;.shx,EPSG:4674,"-60.110360,-30.127819,-34.832970,-2.891666",False
held_mapbiomas_infra_structure_ethanol_plant_macosx_usina_etanol,mapbiomas_infra/structure_ethanol_plant/__MACOSX/._usina_etanol.shp,ESRI Shapefile,904,34c3ddf8b56ace89a99a3b0bd181fe28a8ec213fa1a13490119cafdced73a96d,2022-07-22T18:44:20+00:00,4,.dbf;.prj;.shx,unreadable: DataSourceError,,False
held_mapbiomas_infra_structure_ethanol_plant_usina_etanol,mapbiomas_infra/structure_ethanol_plant/usina_etanol.shp,ESRI Shapefile,1015322,ff04651e061dd83e7daa19cc9a202217efbd532c02e7a8b4f3a6f80efe768509,2022-07-22T18:44:20+00:00,4,.dbf;.prj;.shx,EPSG:4326,"-61.464400,-27.904100,-34.877753,-1.987763",False
held_mapbiomas_infra_structure_federal_highway_macosx_rodovia_federal,mapbiomas_infra/structure_federal_highway/__MACOSX/._rodovia-federal.shp,ESRI Shapefile,904,956d9f3fea1d91d86fee3021982b47be9a32489590e73b2382ec4aac92a18d9e,2022-08-04T11:01:38+00:00,4,.dbf;.prj;.shx,unreadable: DataSourceError,,False
held_mapbiomas_infra_structure_federal_highway_rodovia_federal,mapbiomas_infra/structure_federal_highway/rodovia-federal.shp,ESRI Shapefile,23765788,5c3c8f06ccfc8db7b9218f20455fa920848811580462267f6209ca1ff9e05bfb,2022-08-04T11:01:38+00:00,4,.dbf;.prj;.shx,EPSG:4674,"-72.820162,-33.692351,-34.860808,4.482644",False
held_mapbiomas_infra_structure_gas_delivery_point_macosx_pontos_entrega,mapbiomas_infra/structure_gas_delivery_point/__MACOSX/._PONTOS_ENTREGA.shp,ESRI Shapefile,904,1a03967e8c851f0c7d367addcb24d5a55ab928b9b87a5651efbb23e8f4199f98,2022-07-25T17:25:38+00:00,4,.dbf;.prj;.shx,unreadable: DataSourceError,,False
held_mapbiomas_infra_structure_gas_delivery_point_pontos_entrega,mapbiomas_infra/structure_gas_delivery_point/PONTOS_ENTREGA.shp,ESRI Shapefile,362145,c226504e1bd6bd037461d7a1e3f3fa15d18e36a7d21b346008e724f7366e91dc,2022-07-25T17:25:38+00:00,4,.dbf;.prj;.shx,EPSG:4674,"-63.157912,-29.898501,-34.944534,-3.121465",False
held_mapbiomas_infra_structure_natural_gas_processing_unit_macosx_processamento_,mapbiomas_infra/structure_natural_gas_processing_unit/__MACOSX/._processamento_gas_natural.shp,ESRI Shapefile,904,0217fd2f05db505b705cf6bf747560a09dbc646fe33c4498a2b860a4706eced2,2022-07-25T17:57:14+00:00,4,.dbf;.prj;.shx,unreadable: DataSourceError,,False
held_mapbiomas_infra_structure_natural_gas_processing_unit_processamento_gas_nat,mapbiomas_infra/structure_natural_gas_processing_unit/processamento_gas_natural.shp,ESRI Shapefile,28337,6bbb162ae29d9d90fc84d4bb07e9e4d1b7cbcad2cabc7ab5f65ce4c5a18db341,2022-07-25T17:57:14+00:00,4,.dbf;.prj;.shx,EPSG:4674,"-65.298306,-23.867445,-35.904584,-3.716418",False
held_mapbiomas_infra_structure_outflow_gas_pipeline_macosx_gasoduto_escoamento,mapbiomas_infra/structure_outflow_gas_pipeline/__MACOSX/._gasoduto-escoamento.shp,ESRI Shapefile,904,ab817f904c901241da4098df03bc58315421219c20c78591c759410d93d18182,2022-08-01T16:34:44+00:00,4,.dbf;.prj;.shx,unreadable: DataSourceError,,False
held_mapbiomas_infra_structure_outflow_gas_pipeline_gasoduto_escoamento,mapbiomas_infra/structure_outflow_gas_pipeline/gasoduto-escoamento.shp,ESRI Shapefile,1350753,f683b3c67dabf3206fb2977606fceff0753b1983df3b8150932160f0f57ed68e,2022-08-01T16:34:44+00:00,4,.dbf;.prj;.shx,EPSG:4674,"-46.521762,-25.762458,-35.906435,-3.030407",False
held_mapbiomas_infra_structure_slaughterhouse_macosx_frigorificos,mapbiomas_infra/structure_slaughterhouse/__MACOSX/._frigorificos.shp,ESRI Shapefile,904,6e0aac877d91e15ec181a3f50dbd30b79c4eb1279b8c359a991207608983830b,2022-08-04T15:41:46+00:00,4,.dbf;.prj;.shx,unreadable: DataSourceError,,False
held_mapbiomas_infra_structure_slaughterhouse_frigorificos,mapbiomas_infra/structure_slaughterhouse/frigorificos.shp,ESRI Shapefile,470646,5dcabacfb5b318c52a4dcffe02ff7f294b35b1ea8c4bb1089d975ef9c8ddb5c1,2022-08-04T15:41:46+00:00,4,.dbf;.prj;.shx,EPSG:4674,"-70.771021,-31.750531,-38.420136,-1.187102",False
held_mapbiomas_infra_structure_state_highway_macosx_rodovia_estadual,mapbiomas_infra/structure_state_highway/__MACOSX/._rodovia-estadual.shp,ESRI Shapefile,904,4783240ceb02034577cfad9002deba3f55652ccd9ef0cde5c905d498e53728b4,2022-08-04T12:16:46+00:00,4,.dbf;.prj;.shx,unreadable: DataSourceError,,False
held_mapbiomas_infra_structure_state_highway_rodovia_estadual,mapbiomas_infra/structure_state_highway/rodovia-estadual.shp,ESRI Shapefile,57395191,fcf2b44f6ad6fb50154eae270306245d17f61bde90df4c8c4631917cd1f8ba2f,2022-08-04T12:16:46+00:00,4,.dbf;.prj;.shx,EPSG:4674,"-72.904736,-33.736623,-34.796458,4.459946",False
held_mapbiomas_infra_structure_substation_macosx_se_existente,mapbiomas_infra/structure_substation/__MACOSX/._SE_EXISTENTE.shp,ESRI Shapefile,904,c84830cef02e9dbf0acf91dd720b47e29dab53090f6c583f09c24ac58aeb0211,2022-08-08T18:23:48+00:00,4,.dbf;.prj;.shx,unreadable: DataSourceError,,False
held_mapbiomas_infra_structure_substation_se_existente,mapbiomas_infra/structure_substation/SE_EXISTENTE.shp,ESRI Shapefile,458629,cc49ff8d890daf83b911e45c45aa2137f0c805e1c9256fb0e8f2037ab4b561dc,2022-08-08T18:23:48+00:00,4,.dbf;.prj;.shx,EPSG:4674,"-67.730024,-33.474389,-34.891276,2.963030",False
held_mapbiomas_infra_structure_transmission_line_macosx_lt_existente,mapbiomas_infra/structure_transmission_line/__MACOSX/._LT_EXISTENTE.shp,ESRI Shapefile,904,5124f74ba6b79ab35d2ef663769fafa1d67cc1fed0f805048ec69a43c67a4298,2022-07-21T16:19:50+00:00,4,.dbf;.prj;.shx,unreadable: DataSourceError,,False
held_mapbiomas_infra_structure_transmission_line_lt_existente,mapbiomas_infra/structure_transmission_line/LT_EXISTENTE.shp,ESRI Shapefile,4515949,d09dbfd32aa58620d74dea9a8b6dd6864717c3c24330c5a8d6b1410a1a36ce39,2022-07-21T16:19:50+00:00,4,.dbf;.prj;.shx,EPSG:4674,"-67.729793,-33.474531,-34.890528,4.530678",False
held_mapbiomas_infra_structure_transportation_gas_pipeline_macosx_gasoduto_trans,mapbiomas_infra/structure_transportation_gas_pipeline/__MACOSX/._gasoduto-transporte.shp,ESRI Shapefile,904,05af9aeb59b917360e74a4ee4393c8994370dc8c49a40460b4d569ab7948aba3,2022-08-01T12:37:14+00:00,4,.dbf;.prj;.shx,unreadable: DataSourceError,,False
held_mapbiomas_infra_structure_transportation_gas_pipeline_gasoduto_transporte,mapbiomas_infra/structure_transportation_gas_pipeline/gasoduto-transporte.shp,ESRI Shapefile,1242737,6762336da5b5b31766e07a7f30bed21d5d491a85d45f120efa08d595a5c14342,2022-08-01T12:37:14+00:00,4,.dbf;.prj;.shx,EPSG:4674,"-65.299526,-29.897014,-34.940125,-3.131664",False
held_pilar2b_canonical_parameters_blocker_13_provenance,pilar2b_canonical_parameters/blocker_13_provenance.json,JSON,2431,70f817378d77220179a6d3aa6dbeded065923e91dc839285452fb0d000646a3f,2026-08-22T12:26:12+00:00,1,,,,False
held_pilar2b_canonical_parameters_corpus_bmp_long,pilar2b_canonical_parameters/corpus_bmp_long.csv,CSV,16781,08bba37297d25b66a1acd0086507cd489438faba9c57cc3151223a373492fcc8,2026-08-01T13:36:54+00:00,1,,,,False
held_pilar2b_canonical_parameters_dicionario_colunas_master,pilar2b_canonical_parameters/dicionario_colunas_master.csv,CSV,5773,beba40c48fd65c5ce0086f07d66718f437189162a90dde23ec4787a1b7f99bb6,2026-08-01T13:36:54+00:00,1,,,,False
held_pilar2b_canonical_parameters_fde_flow_factors,pilar2b_canonical_parameters/fde_flow_factors.csv,CSV,3666,cae3b1bd21cdd13aa348b251932df869aa9ffe73e8cc87d9e2be1ee9c4fb176f,2026-08-22T12:26:12+00:00,1,,,,False
held_pilar2b_canonical_parameters_feedstock_bmp_from_refs,pilar2b_canonical_parameters/feedstock_bmp_from_refs.csv,CSV,2142,b2208eb833e7e3735275a8497b89398994178aadc91c9b54c2ce60184f5956a8,2026-08-01T13:36:54+00:00,1,,,,False
held_pilar2b_canonical_parameters_feedstocks,pilar2b_canonical_parameters/feedstocks.yaml,YAML,73841,4755638326e11996a7dbd002b99fd92fc7606a71dada95a6639e90d4e73558f0,2026-08-01T13:36:54+00:00,1,,,,False
held_pilar2b_canonical_parameters_references,pilar2b_canonical_parameters/references.yaml,YAML,36756,cdfbc10de91abcd80906aee48f77c1ae5bd6d4943ed3fcb9137947742224a035,2026-06-20T12:41:15+00:00,1,,,,False
held_pilar2b_canonical_parameters_references_review,pilar2b_canonical_parameters/references_review.csv,CSV,71922,4e37152a7d6672a0f619d6ad95079770faff8395851b96bfdd75d7faa17145fa,2026-06-20T12:41:15+00:00,1,,,,False
held_pilar2b_canonical_parameters_references_review,pilar2b_canonical_parameters/references_review.xlsx,Excel,46575,afbb494c6bf676e869ea913f3ea2761ef5172d4345c10cff615ebebb8783bd0d,2026-06-20T12:41:15+00:00,1,,,,False
held_pilar2b_canonical_parameters_references_review_all,pilar2b_canonical_parameters/references_review_ALL.xlsx,Excel,66816,080c7166bb54fba21639ee9d9a3858a78f703338dbeaf56bca00dd632f7766eb,2026-06-20T12:41:15+00:00,1,,,,False
held_pilar2b_canonical_parameters_references_unified,pilar2b_canonical_parameters/references_unified.csv,CSV,71275,b6dbc2f8cb09ff5ae1545673b19e1609e9784b2e015a4432a1858f5811bddca7,2026-06-20T12:41:15+00:00,1,,,,False
held_pilar2b_canonical_parameters_sp_master_residue_streams_2023_final,pilar2b_canonical_parameters/SP_master_residue_streams_2023_FINAL.csv,CSV,189129,2ab1d03d6293690e76b7d883599554307965772afc367a52f2f834eb5d7a28f9,2026-08-01T13:36:54+00:00,1,,,,False
held_pilar2b_canonical_parameters_sp_totais_consolidados_2026_07_30,pilar2b_canonical_parameters/SP_TOTAIS_CONSOLIDADOS_2026-07-30.json,JSON,3892,136ba05630d525e983ed89e69814cba1589413c67d9d742cabcd593cf9178b38,2026-08-01T13:36:54+00:00,1,,,,False
held_pilar2b_canonical_parameters_validacao_multifonte_sp,pilar2b_canonical_parameters/validacao_multifonte_SP.csv,CSV,304,83bda375ef4d7bc1547ac95e9d846d735489bd3f7b3e5ca15a746cc9d7720dc3,2026-08-01T13:36:54+00:00,1,,,,False
held_pilar2b_fde_fde_disponibilidade_residuos_cp2b,pilar2b_fde/FDE_Disponibilidade_Residuos_CP2B.xlsx,Excel,78746,107b8c4ed7ada1a8b1dfcf3b0e172a367c22adf958067ebffd1da752f984b344,2026-04-12T21:20:49+00:00,1,,,,False
held_pilar2b_fde_fde_residue_availability,pilar2b_fde/fde_residue_availability.csv,CSV,2947,8b3a9a353075a106afd4a465dadb9e922bdd704d1923adfe9074bfd3f647f1d0,2026-09-20T12:20:45+00:00,1,,,,False
held_pilar2b_residue_streams_sp_00_data_dictionary,pilar2b_residue_streams_sp/00_DATA_DICTIONARY.json,JSON,2831,89a0b1c2c01534c1b6be8fb796da08d42d3176d3323b3a695dffd2288c850a82,2026-05-07T22:42:58+00:00,1,,,,False
held_pilar2b_residue_streams_sp_01_master_residue_streams_sp_2023,pilar2b_residue_streams_sp/01_master_residue_streams_SP_2023.csv,CSV,1710924,ba5d3809be9481db779998bbfe3c9b923bbcc140be2f362d492ffa926f10d924,2026-05-07T22:42:58+00:00,1,,,,False
held_pilar2b_residue_streams_sp_02_municipality_summary_sp_2023,pilar2b_residue_streams_sp/02_municipality_summary_SP_2023.csv,CSV,157990,982178ae6daff679083a2883825f49ea533033ef1abeb9e458add0d3d9c46134,2026-05-07T22:42:58+00:00,1,,,,False
held_pilar2b_residue_streams_sp_03_conversion_factors,pilar2b_residue_streams_sp/03_conversion_factors.csv,CSV,2910,4301c1702d9a1229fc3020bacc92bedd3a617e73981f45b3554f35be5f8e8dce,2026-05-07T22:42:58+00:00,1,,,,False
held_pilar2b_residue_streams_sp_04_state_summary_by_stream,pilar2b_residue_streams_sp/04_state_summary_by_stream.csv,CSV,717,0627d1ffa9a2d7f27fa4bbe4f96f7868c72f2c436af2177b4f0c10b7c53aeefe,2026-05-07T22:42:58+00:00,1,,,,False
